--------------------------------------------------------
--  파일이 생성됨 - 토요일-12월-29-2018   
--------------------------------------------------------
--------------------------------------------------------
--  DDL for Table MIN_JOB_COMPANY
--------------------------------------------------------

  CREATE TABLE "LSM8655"."MIN_JOB_COMPANY" 
   (	"NO" NUMBER(*,0), 
	"MEMBER_NO" NUMBER, 
	"URL" VARCHAR2(2000 BYTE), 
	"INFO" VARCHAR2(3000 BYTE), 
	"NAME" VARCHAR2(255 BYTE), 
	"FOUNDING" VARCHAR2(255 BYTE), 
	"COUNT" VARCHAR2(1000 BYTE), 
	"COMPANY_TYPE" NUMBER, 
	"MONEY" VARCHAR2(1000 BYTE), 
	"ADDR" VARCHAR2(2000 BYTE), 
	"FILE1" VARCHAR2(1000 BYTE), 
	"FILE2" VARCHAR2(1000 BYTE)
   ) SEGMENT CREATION IMMEDIATE 
  PCTFREE 10 PCTUSED 40 INITRANS 1 MAXTRANS 255 NOCOMPRESS LOGGING
  STORAGE(INITIAL 65536 NEXT 1048576 MINEXTENTS 1 MAXEXTENTS 2147483645
  PCTINCREASE 0 FREELISTS 1 FREELIST GROUPS 1 BUFFER_POOL DEFAULT FLASH_CACHE DEFAULT CELL_FLASH_CACHE DEFAULT)
  TABLESPACE "USERS" ;
--------------------------------------------------------
--  DDL for Table MIN_JOB_COUNT
--------------------------------------------------------

  CREATE TABLE "LSM8655"."MIN_JOB_COUNT" 
   (	"NO" NUMBER, 
	"DATES" VARCHAR2(255 BYTE), 
	"MEMBER_NO" NUMBER
   ) SEGMENT CREATION IMMEDIATE 
  PCTFREE 10 PCTUSED 40 INITRANS 1 MAXTRANS 255 NOCOMPRESS LOGGING
  STORAGE(INITIAL 65536 NEXT 1048576 MINEXTENTS 1 MAXEXTENTS 2147483645
  PCTINCREASE 0 FREELISTS 1 FREELIST GROUPS 1 BUFFER_POOL DEFAULT FLASH_CACHE DEFAULT CELL_FLASH_CACHE DEFAULT)
  TABLESPACE "USERS" ;
--------------------------------------------------------
--  DDL for Table MIN_JOB_INCOME
--------------------------------------------------------

  CREATE TABLE "LSM8655"."MIN_JOB_INCOME" 
   (	"NO" NUMBER, 
	"MEMBER_NO" NUMBER, 
	"WRITER_NO" NUMBER, 
	"POSITIONS" NUMBER, 
	"MONEY" NUMBER, 
	"DATES" VARCHAR2(255 BYTE), 
	"PROF" NUMBER, 
	"EMPL" NUMBER, 
	"STATUS" NUMBER
   ) SEGMENT CREATION IMMEDIATE 
  PCTFREE 10 PCTUSED 40 INITRANS 1 MAXTRANS 255 NOCOMPRESS LOGGING
  STORAGE(INITIAL 65536 NEXT 1048576 MINEXTENTS 1 MAXEXTENTS 2147483645
  PCTINCREASE 0 FREELISTS 1 FREELIST GROUPS 1 BUFFER_POOL DEFAULT FLASH_CACHE DEFAULT CELL_FLASH_CACHE DEFAULT)
  TABLESPACE "USERS" ;
--------------------------------------------------------
--  DDL for Table MIN_JOB_INTERVIEW
--------------------------------------------------------

  CREATE TABLE "LSM8655"."MIN_JOB_INTERVIEW" 
   (	"NO" NUMBER, 
	"PROF" NUMBER, 
	"POSITIONS" NUMBER, 
	"DIFFICULTY" NUMBER, 
	"INTERVIEWDATE" VARCHAR2(255 BYTE), 
	"INTERVIEWDIR" NUMBER, 
	"MEMO1" VARCHAR2(3000 BYTE), 
	"MEMO2" VARCHAR2(3000 BYTE), 
	"MEMO3" VARCHAR2(3000 BYTE), 
	"MEMO4" VARCHAR2(3000 BYTE), 
	"MEMO5" VARCHAR2(3000 BYTE), 
	"INTERVIEWRESULT" NUMBER, 
	"INTERVIEWEX" NUMBER, 
	"DATES" VARCHAR2(255 BYTE), 
	"STATUS" NUMBER, 
	"MEMBER_NO" NUMBER, 
	"WRITER_NO" NUMBER
   ) SEGMENT CREATION IMMEDIATE 
  PCTFREE 10 PCTUSED 40 INITRANS 1 MAXTRANS 255 NOCOMPRESS LOGGING
  STORAGE(INITIAL 65536 NEXT 1048576 MINEXTENTS 1 MAXEXTENTS 2147483645
  PCTINCREASE 0 FREELISTS 1 FREELIST GROUPS 1 BUFFER_POOL DEFAULT FLASH_CACHE DEFAULT CELL_FLASH_CACHE DEFAULT)
  TABLESPACE "USERS" ;
--------------------------------------------------------
--  DDL for Table MIN_JOB_MEMBER
--------------------------------------------------------

  CREATE TABLE "LSM8655"."MIN_JOB_MEMBER" 
   (	"NO" NUMBER(*,0), 
	"EMAIL" VARCHAR2(1000 BYTE), 
	"PASSWORD" VARCHAR2(1000 BYTE), 
	"NAME" VARCHAR2(255 BYTE), 
	"PHONE1" VARCHAR2(255 BYTE), 
	"PHONE2" VARCHAR2(255 BYTE), 
	"PHONE3" VARCHAR2(255 BYTE), 
	"QUEST" NUMBER, 
	"ANSWER" VARCHAR2(1000 BYTE), 
	"COMPANY" VARCHAR2(1000 BYTE), 
	"COMPANY_CATE" NUMBER, 
	"COMPANY_NUM" VARCHAR2(1000 BYTE), 
	"ORDERS" NUMBER, 
	"DATES" VARCHAR2(255 BYTE)
   ) SEGMENT CREATION IMMEDIATE 
  PCTFREE 10 PCTUSED 40 INITRANS 1 MAXTRANS 255 NOCOMPRESS LOGGING
  STORAGE(INITIAL 65536 NEXT 1048576 MINEXTENTS 1 MAXEXTENTS 2147483645
  PCTINCREASE 0 FREELISTS 1 FREELIST GROUPS 1 BUFFER_POOL DEFAULT FLASH_CACHE DEFAULT CELL_FLASH_CACHE DEFAULT)
  TABLESPACE "USERS" ;
--------------------------------------------------------
--  DDL for Table MIN_JOB_REVIEW
--------------------------------------------------------

  CREATE TABLE "LSM8655"."MIN_JOB_REVIEW" 
   (	"NO" NUMBER, 
	"TYPES" NUMBER, 
	"STARS" NUMBER, 
	"STARS1" NUMBER, 
	"STARS2" NUMBER, 
	"STARS3" NUMBER, 
	"STARS4" NUMBER, 
	"STARS5" NUMBER, 
	"MEMO1" VARCHAR2(3000 BYTE), 
	"MEMO2" VARCHAR2(3000 BYTE), 
	"MEMO3" VARCHAR2(3000 BYTE), 
	"MEMBER_NO" NUMBER, 
	"DATES" VARCHAR2(255 BYTE), 
	"WRITER_NO" NUMBER, 
	"PROF" NUMBER, 
	"STATUS" NUMBER
   ) SEGMENT CREATION IMMEDIATE 
  PCTFREE 10 PCTUSED 40 INITRANS 1 MAXTRANS 255 NOCOMPRESS LOGGING
  STORAGE(INITIAL 65536 NEXT 1048576 MINEXTENTS 1 MAXEXTENTS 2147483645
  PCTINCREASE 0 FREELISTS 1 FREELIST GROUPS 1 BUFFER_POOL DEFAULT FLASH_CACHE DEFAULT CELL_FLASH_CACHE DEFAULT)
  TABLESPACE "USERS" ;
REM INSERTING into LSM8655.MIN_JOB_COMPANY
SET DEFINE OFF;
Insert into LSM8655.MIN_JOB_COMPANY (NO,MEMBER_NO,URL,INFO,NAME,FOUNDING,COUNT,COMPANY_TYPE,MONEY,ADDR,FILE1,FILE2) values (22,22,'55','77','11','22','33',2,'44','66','(2)test.jpg','o1ooffice_bk.jpg');
Insert into LSM8655.MIN_JOB_COMPANY (NO,MEMBER_NO,URL,INFO,NAME,FOUNDING,COUNT,COMPANY_TYPE,MONEY,ADDR,FILE1,FILE2) values (2,4,'http://newsroom.fb.com/company-info/','페이스북코리아는 커뮤니티를 이루어 모두가 더욱 가까워지는 세상을 만든다는 사명 아래 매년 빠르게 성장하고 있습니다. 자유로운 분위기에서 변화를 주도하고, 여러 사람들과의 협업을 통해 큰 그림을 만들어 갈 수 있는 분들의 지원을 기다립니다.','데이비드드윌리암크링, 조용범','2010.12.06','-',1,'-','서울 강남구 역삼동 736-1 캐피탈타워','o1othumb_______.png','o2ooffice_bk.jpg');
REM INSERTING into LSM8655.MIN_JOB_COUNT
SET DEFINE OFF;
Insert into LSM8655.MIN_JOB_COUNT (NO,DATES,MEMBER_NO) values (15,'2018-12-26',22);
Insert into LSM8655.MIN_JOB_COUNT (NO,DATES,MEMBER_NO) values (16,'2018-12-26',4);
Insert into LSM8655.MIN_JOB_COUNT (NO,DATES,MEMBER_NO) values (2,'2018-12-26',22);
Insert into LSM8655.MIN_JOB_COUNT (NO,DATES,MEMBER_NO) values (3,'2018-12-26',22);
Insert into LSM8655.MIN_JOB_COUNT (NO,DATES,MEMBER_NO) values (4,'2018-12-23',22);
Insert into LSM8655.MIN_JOB_COUNT (NO,DATES,MEMBER_NO) values (5,'2018-12-25',22);
Insert into LSM8655.MIN_JOB_COUNT (NO,DATES,MEMBER_NO) values (6,'2018-12-25',22);
Insert into LSM8655.MIN_JOB_COUNT (NO,DATES,MEMBER_NO) values (7,'2018-12-26',22);
Insert into LSM8655.MIN_JOB_COUNT (NO,DATES,MEMBER_NO) values (8,'2018-12-24',22);
Insert into LSM8655.MIN_JOB_COUNT (NO,DATES,MEMBER_NO) values (9,'2018-12-24',22);
Insert into LSM8655.MIN_JOB_COUNT (NO,DATES,MEMBER_NO) values (10,'2018-12-24',22);
Insert into LSM8655.MIN_JOB_COUNT (NO,DATES,MEMBER_NO) values (11,'2018-12-26',22);
Insert into LSM8655.MIN_JOB_COUNT (NO,DATES,MEMBER_NO) values (12,'2018-12-26',22);
Insert into LSM8655.MIN_JOB_COUNT (NO,DATES,MEMBER_NO) values (13,'2018-12-26',22);
Insert into LSM8655.MIN_JOB_COUNT (NO,DATES,MEMBER_NO) values (14,'2018-12-26',22);
Insert into LSM8655.MIN_JOB_COUNT (NO,DATES,MEMBER_NO) values (42,'2018-12-28',22);
Insert into LSM8655.MIN_JOB_COUNT (NO,DATES,MEMBER_NO) values (43,'2018-12-28',4);
Insert into LSM8655.MIN_JOB_COUNT (NO,DATES,MEMBER_NO) values (62,'2018-12-29',4);
Insert into LSM8655.MIN_JOB_COUNT (NO,DATES,MEMBER_NO) values (22,'2018-12-27',4);
Insert into LSM8655.MIN_JOB_COUNT (NO,DATES,MEMBER_NO) values (23,'2018-12-27',4);
REM INSERTING into LSM8655.MIN_JOB_INCOME
SET DEFINE OFF;
Insert into LSM8655.MIN_JOB_INCOME (NO,MEMBER_NO,WRITER_NO,POSITIONS,MONEY,DATES,PROF,EMPL,STATUS) values (22,4,43,3,2000,'2018-12-28',1,3,-1);
Insert into LSM8655.MIN_JOB_INCOME (NO,MEMBER_NO,WRITER_NO,POSITIONS,MONEY,DATES,PROF,EMPL,STATUS) values (23,4,42,3,2600,'2018-12-28',3,3,-1);
Insert into LSM8655.MIN_JOB_INCOME (NO,MEMBER_NO,WRITER_NO,POSITIONS,MONEY,DATES,PROF,EMPL,STATUS) values (24,4,3,1,3000,'2018-12-28',2,3,-1);
Insert into LSM8655.MIN_JOB_INCOME (NO,MEMBER_NO,WRITER_NO,POSITIONS,MONEY,DATES,PROF,EMPL,STATUS) values (25,22,3,5,5000,'2018-12-28',2,3,-1);
REM INSERTING into LSM8655.MIN_JOB_INTERVIEW
SET DEFINE OFF;
Insert into LSM8655.MIN_JOB_INTERVIEW (NO,PROF,POSITIONS,DIFFICULTY,INTERVIEWDATE,INTERVIEWDIR,MEMO1,MEMO2,MEMO3,MEMO4,MEMO5,INTERVIEWRESULT,INTERVIEWEX,DATES,STATUS,MEMBER_NO,WRITER_NO) values (2,3,2,4,'2018-12',1,'ㄴㅇㄹㄴㅇㄹㄴㅇㄹㄴㅇㄹ','ㄴㅇㄹㄴㅇㄹㄴㅇㄹㄴㅇㄹ','ㄴㅇㄹㄴㅇㄹㄴㅇㄹㄴㅇㄹㄴㅇㄹㄴㅇㄹ','ㄴㅇㄹㄴㅇㄹ','ㄴㅇㄹㄴㅇㄹㄴㅇㄹㄴㅇㄹ',2,1,'2018-12-28',-1,4,3);
Insert into LSM8655.MIN_JOB_INTERVIEW (NO,PROF,POSITIONS,DIFFICULTY,INTERVIEWDATE,INTERVIEWDIR,MEMO1,MEMO2,MEMO3,MEMO4,MEMO5,INTERVIEWRESULT,INTERVIEWEX,DATES,STATUS,MEMBER_NO,WRITER_NO) values (3,1,1,3,'2018-11',1,'필기보고 면접은 실무진 면접 임원면접인데 실무진면접 중 체육관 면적이 있습니다 도미노 쌓는거해요','피티면접은 변제충당(법학)에 대한 사례가 나왔습니다. 찬반면접은 가상의 악덕기업이 무역보험을 신청할 경우에 무보에서 보험을 해줘야 하는지에 대한 토론을 했습니다.','변제충당에 대한 개념 및 취지, 그리고 부수적으로 관련 되는 실체법상의 일반 개념을 설명하고 이를 바탕으로 사례에 대입했습니다. 찬성과 반대의 입장을 정해주기 때문에 반대의 입장에서 근거를 말했습니다.','필기시험, 논술 시험','10일 후',3,2,'2018-12-28',-1,4,42);
Insert into LSM8655.MIN_JOB_INTERVIEW (NO,PROF,POSITIONS,DIFFICULTY,INTERVIEWDATE,INTERVIEWDIR,MEMO1,MEMO2,MEMO3,MEMO4,MEMO5,INTERVIEWRESULT,INTERVIEWEX,DATES,STATUS,MEMBER_NO,WRITER_NO) values (4,6,1,2,'2018-12',4,'서류 통과 하고 인적성 치고 1차 2차 면접 여느 대기업과 같음','학점이 3.5정도 인데 학점이 왜이렇게 낮냐','이런 이런 이런 여러 활동들을 많이 했다 공부보다 이게 더 좋아서 했고 성과를 냈따 후회하지 않는다','필기시험, 영어면접, 토론면접, 개인면접','10일 후',1,3,'2018-12-28',-1,4,43);
REM INSERTING into LSM8655.MIN_JOB_MEMBER
SET DEFINE OFF;
Insert into LSM8655.MIN_JOB_MEMBER (NO,EMAIL,PASSWORD,NAME,PHONE1,PHONE2,PHONE3,QUEST,ANSWER,COMPANY,COMPANY_CATE,COMPANY_NUM,ORDERS,DATES) values (22,'src86551@naver.com','3162F8A6D36EC8DE769A2127BFFA651','민호2','11','22','33',1,'몰라','네이버',7,'12155-42-44556',2,'2018-12-24');
Insert into LSM8655.MIN_JOB_MEMBER (NO,EMAIL,PASSWORD,NAME,PHONE1,PHONE2,PHONE3,QUEST,ANSWER,COMPANY,COMPANY_CATE,COMPANY_NUM,ORDERS,DATES) values (42,'src88221@naver.com','D064802D1B2D5346936161E4340A7E9','홍길동','123','321','123',3,'몰라',null,-1,null,1,'2018-12-27');
Insert into LSM8655.MIN_JOB_MEMBER (NO,EMAIL,PASSWORD,NAME,PHONE1,PHONE2,PHONE3,QUEST,ANSWER,COMPANY,COMPANY_CATE,COMPANY_NUM,ORDERS,DATES) values (3,'src8822@naver.com','D064802D1B2D5346936161E4340A7E9','윤민호','010','3324','4343',1,'몰라',null,-1,null,1,null);
Insert into LSM8655.MIN_JOB_MEMBER (NO,EMAIL,PASSWORD,NAME,PHONE1,PHONE2,PHONE3,QUEST,ANSWER,COMPANY,COMPANY_CATE,COMPANY_NUM,ORDERS,DATES) values (4,'src8655@naver.com','3162F8A6D36EC8DE769A2127BFFA651','민호','11','22','33',2,'몰라','페이스북코리아',7,'127-24-447788',2,null);
Insert into LSM8655.MIN_JOB_MEMBER (NO,EMAIL,PASSWORD,NAME,PHONE1,PHONE2,PHONE3,QUEST,ANSWER,COMPANY,COMPANY_CATE,COMPANY_NUM,ORDERS,DATES) values (43,'src88222@naver.com','D064802D1B2D5346936161E4340A7E9','윤민호2','321','123','321',5,'몰라',null,-1,null,1,'2018-12-27');
REM INSERTING into LSM8655.MIN_JOB_REVIEW
SET DEFINE OFF;
Insert into LSM8655.MIN_JOB_REVIEW (NO,TYPES,STARS,STARS1,STARS2,STARS3,STARS4,STARS5,MEMO1,MEMO2,MEMO3,MEMBER_NO,DATES,WRITER_NO,PROF,STATUS) values (22,2,4,3,4,2,2,5,'종합상사의 다양한 경험 취득 가능. 그러나 업종 전망은 불투명.','말 그대로 전 세계를 상대로 하는 글로벌 기업이므로 자연스럽게 외국어능력과 마인드와 시야 자체가 세계를 향하는 자신을 발견함. 사원 때부터 본인의 역량을 키우고 책임범위가 넓음. 연말 인센티브로 낮은 기본급을 메꿔줌.','종합상사 즉, 중개무역업 분야는 사양길에 접어든 지 오래. 제조업의 해외법인 설립이 많아져 종합상사의 입지는 갈수록 줄어들고 철강 화학에 의존하기에는 너도 나도 다하는 것이라 업종 자체의 전망은 매우 불투명. 신수종사업 발굴에 열을 올리나 요즘 시대에 IT업종을 뛰어들어도 모자란 판에 사실상 불가능함. 회사내에서 똑똑하다는 공채출신들은 70프로 이상 이직...',4,'2018-12-28',42,7,-1);
Insert into LSM8655.MIN_JOB_REVIEW (NO,TYPES,STARS,STARS1,STARS2,STARS3,STARS4,STARS5,MEMO1,MEMO2,MEMO3,MEMBER_NO,DATES,WRITER_NO,PROF,STATUS) values (23,2,3,3,3,4,4,1,'급여는 정부의 규제로 크게 오르지 못하고 대구로 이전 후에는 수도권과의 거리 문제도 여러가지를 불편하게 만들고 있어서 메리트가 좀 떨어지는 기업. 
하지만 아직 안정성의 측면에서는 훌륭하다고 생각한다.','직원의 고용 안정성이 대부분의 공기업이 다들 그렇지만 뛰어난 것이 장점이다. 안정성이 있다보니 일과 삶의 균형도 맞춰지고 있다고 판단되어 지긴 한다. 대구로 내려간 이후 삶의 여유를 더 찾는 사람들도 보이기도 하고 자기의 시간관리가 잘 되면 더할 나위 없이 좋다고 생각한다.','공사의 본래 사업이 LNG 분야의 성장이 정체 혹은 퇴보할 우려가 많다.자원개발 사업을 이명박 정부에서 수행했으나 부실 및 비리 의혹으로 인하여 공사의 본래 경쟁력도 갉아먹고 잇는 상황이 많이 아쉽다고 생각한다. 하지만 자원개발은 포기할 수 없는 사업 분야이므로 공사가 전사적으로 어려운 시기이지만 꾸준히 사업을 영위해 나가야 한다고 생각한다.',4,'2018-12-28',3,1,-1);
Insert into LSM8655.MIN_JOB_REVIEW (NO,TYPES,STARS,STARS1,STARS2,STARS3,STARS4,STARS5,MEMO1,MEMO2,MEMO3,MEMBER_NO,DATES,WRITER_NO,PROF,STATUS) values (24,1,3,3,4,5,3,2,'연봉은 동종업계에 비해 다소 적은편이나 시간외 근무를 하면 시간당 배로 돈을 쳐줌, 그래서 야근이 대부분 없고 하더라도 돈을 다 받기떄문에 사람들도 아무말없이 잘함, 사내 문화는 일본계라 자유로움, 꼽질 별로 없음, 존중해줌','연차나 퇴근 눈치 많이 안봐도 되고, 시간 외 근무 돈을 다 챙겨줌, 일은 별로 어렵지 않치만 많기도 함, 기숙사 3~5년 제공 아파트 30평대 방한개씩 줘서 3명살거나, 원룸 제공 , 공과금 1인당 10만원 제공, 일본어 자주 써서 배울수 있음','자차 필요함, 부서 별로 주말 출근 할수도, 교통 별로임, 만드는 제품 고가이고 클린룸 업무 하기 떄문에 부담감이 있습니다.',4,'2018-12-28',43,6,-1);
--------------------------------------------------------
--  DDL for Index MIN_JAB_COMPANY_PK
--------------------------------------------------------

  CREATE UNIQUE INDEX "LSM8655"."MIN_JAB_COMPANY_PK" ON "LSM8655"."MIN_JOB_COMPANY" ("NO") 
  PCTFREE 10 INITRANS 2 MAXTRANS 255 COMPUTE STATISTICS 
  STORAGE(INITIAL 65536 NEXT 1048576 MINEXTENTS 1 MAXEXTENTS 2147483645
  PCTINCREASE 0 FREELISTS 1 FREELIST GROUPS 1 BUFFER_POOL DEFAULT FLASH_CACHE DEFAULT CELL_FLASH_CACHE DEFAULT)
  TABLESPACE "USERS" ;
--------------------------------------------------------
--  DDL for Index MIN_JOB_COUNT_PK
--------------------------------------------------------

  CREATE UNIQUE INDEX "LSM8655"."MIN_JOB_COUNT_PK" ON "LSM8655"."MIN_JOB_COUNT" ("NO") 
  PCTFREE 10 INITRANS 2 MAXTRANS 255 COMPUTE STATISTICS 
  STORAGE(INITIAL 65536 NEXT 1048576 MINEXTENTS 1 MAXEXTENTS 2147483645
  PCTINCREASE 0 FREELISTS 1 FREELIST GROUPS 1 BUFFER_POOL DEFAULT FLASH_CACHE DEFAULT CELL_FLASH_CACHE DEFAULT)
  TABLESPACE "USERS" ;
--------------------------------------------------------
--  DDL for Index MIN_JOB_INCOME_PK
--------------------------------------------------------

  CREATE UNIQUE INDEX "LSM8655"."MIN_JOB_INCOME_PK" ON "LSM8655"."MIN_JOB_INCOME" ("NO") 
  PCTFREE 10 INITRANS 2 MAXTRANS 255 COMPUTE STATISTICS 
  STORAGE(INITIAL 65536 NEXT 1048576 MINEXTENTS 1 MAXEXTENTS 2147483645
  PCTINCREASE 0 FREELISTS 1 FREELIST GROUPS 1 BUFFER_POOL DEFAULT FLASH_CACHE DEFAULT CELL_FLASH_CACHE DEFAULT)
  TABLESPACE "USERS" ;
--------------------------------------------------------
--  DDL for Index MIN_JOB_INTERVIEW_PK
--------------------------------------------------------

  CREATE UNIQUE INDEX "LSM8655"."MIN_JOB_INTERVIEW_PK" ON "LSM8655"."MIN_JOB_INTERVIEW" ("NO") 
  PCTFREE 10 INITRANS 2 MAXTRANS 255 COMPUTE STATISTICS 
  STORAGE(INITIAL 65536 NEXT 1048576 MINEXTENTS 1 MAXEXTENTS 2147483645
  PCTINCREASE 0 FREELISTS 1 FREELIST GROUPS 1 BUFFER_POOL DEFAULT FLASH_CACHE DEFAULT CELL_FLASH_CACHE DEFAULT)
  TABLESPACE "USERS" ;
--------------------------------------------------------
--  DDL for Index MIN_JOB_MEMBER_PK
--------------------------------------------------------

  CREATE UNIQUE INDEX "LSM8655"."MIN_JOB_MEMBER_PK" ON "LSM8655"."MIN_JOB_MEMBER" ("NO") 
  PCTFREE 10 INITRANS 2 MAXTRANS 255 COMPUTE STATISTICS 
  STORAGE(INITIAL 65536 NEXT 1048576 MINEXTENTS 1 MAXEXTENTS 2147483645
  PCTINCREASE 0 FREELISTS 1 FREELIST GROUPS 1 BUFFER_POOL DEFAULT FLASH_CACHE DEFAULT CELL_FLASH_CACHE DEFAULT)
  TABLESPACE "USERS" ;
--------------------------------------------------------
--  DDL for Index MIN_JOB_REVIEW_PK
--------------------------------------------------------

  CREATE UNIQUE INDEX "LSM8655"."MIN_JOB_REVIEW_PK" ON "LSM8655"."MIN_JOB_REVIEW" ("NO") 
  PCTFREE 10 INITRANS 2 MAXTRANS 255 COMPUTE STATISTICS 
  STORAGE(INITIAL 65536 NEXT 1048576 MINEXTENTS 1 MAXEXTENTS 2147483645
  PCTINCREASE 0 FREELISTS 1 FREELIST GROUPS 1 BUFFER_POOL DEFAULT FLASH_CACHE DEFAULT CELL_FLASH_CACHE DEFAULT)
  TABLESPACE "USERS" ;
--------------------------------------------------------
--  DDL for Trigger MIN_JOB_COMPANY_TRI
--------------------------------------------------------

  CREATE OR REPLACE TRIGGER "LSM8655"."MIN_JOB_COMPANY_TRI" 
   before insert on "LSM8655"."MIN_JOB_COMPANY" 
   for each row 
begin  
   if inserting then 
      if :NEW."NO" is null then 
         select MIN_JOB_COMPANY_SEQ.nextval into :NEW."NO" from dual; 
      end if; 
   end if; 
end;

/
ALTER TRIGGER "LSM8655"."MIN_JOB_COMPANY_TRI" ENABLE;
--------------------------------------------------------
--  DDL for Trigger MIN_JOB_COUNT_TRI
--------------------------------------------------------

  CREATE OR REPLACE TRIGGER "LSM8655"."MIN_JOB_COUNT_TRI" 
   before insert on "LSM8655"."MIN_JOB_COUNT" 
   for each row 
begin  
   if inserting then 
      if :NEW."NO" is null then 
         select MIN_JOB_COUNT_SEQ.nextval into :NEW."NO" from dual; 
      end if; 
   end if; 
end;

/
ALTER TRIGGER "LSM8655"."MIN_JOB_COUNT_TRI" ENABLE;
--------------------------------------------------------
--  DDL for Trigger MIN_JOB_INCOME_TRI
--------------------------------------------------------

  CREATE OR REPLACE TRIGGER "LSM8655"."MIN_JOB_INCOME_TRI" 
   before insert on "LSM8655"."MIN_JOB_INCOME" 
   for each row 
begin  
   if inserting then 
      if :NEW."NO" is null then 
         select MIN_JOB_INCOME_SEQ.nextval into :NEW."NO" from dual; 
      end if; 
   end if; 
end;

/
ALTER TRIGGER "LSM8655"."MIN_JOB_INCOME_TRI" ENABLE;
--------------------------------------------------------
--  DDL for Trigger MIN_JOB_INTERVIEW_TRI
--------------------------------------------------------

  CREATE OR REPLACE TRIGGER "LSM8655"."MIN_JOB_INTERVIEW_TRI" 
   before insert on "LSM8655"."MIN_JOB_INTERVIEW" 
   for each row 
begin  
   if inserting then 
      if :NEW."NO" is null then 
         select MIN_JOB_INTERVIEW_SEQ.nextval into :NEW."NO" from dual; 
      end if; 
   end if; 
end;

/
ALTER TRIGGER "LSM8655"."MIN_JOB_INTERVIEW_TRI" ENABLE;
--------------------------------------------------------
--  DDL for Trigger MIN_JOB_MEMBER_TRI
--------------------------------------------------------

  CREATE OR REPLACE TRIGGER "LSM8655"."MIN_JOB_MEMBER_TRI" 
   before insert on "LSM8655"."MIN_JOB_MEMBER" 
   for each row 
begin  
   if inserting then 
      if :NEW."NO" is null then 
         select MIN_JOB_MEMBER_SEQ.nextval into :NEW."NO" from dual; 
      end if; 
   end if; 
end;

/
ALTER TRIGGER "LSM8655"."MIN_JOB_MEMBER_TRI" ENABLE;
--------------------------------------------------------
--  DDL for Trigger MIN_JOB_REVIEW_TRI
--------------------------------------------------------

  CREATE OR REPLACE TRIGGER "LSM8655"."MIN_JOB_REVIEW_TRI" 
   before insert on "LSM8655"."MIN_JOB_REVIEW" 
   for each row 
begin  
   if inserting then 
      if :NEW."NO" is null then 
         select MIN_JOB_REVIEW_SEQ.nextval into :NEW."NO" from dual; 
      end if; 
   end if; 
end;

/
ALTER TRIGGER "LSM8655"."MIN_JOB_REVIEW_TRI" ENABLE;
--------------------------------------------------------
--  Constraints for Table MIN_JOB_COMPANY
--------------------------------------------------------

  ALTER TABLE "LSM8655"."MIN_JOB_COMPANY" ADD CONSTRAINT "MIN_JAB_COMPANY_PK" PRIMARY KEY ("NO")
  USING INDEX PCTFREE 10 INITRANS 2 MAXTRANS 255 COMPUTE STATISTICS 
  STORAGE(INITIAL 65536 NEXT 1048576 MINEXTENTS 1 MAXEXTENTS 2147483645
  PCTINCREASE 0 FREELISTS 1 FREELIST GROUPS 1 BUFFER_POOL DEFAULT FLASH_CACHE DEFAULT CELL_FLASH_CACHE DEFAULT)
  TABLESPACE "USERS"  ENABLE;
  ALTER TABLE "LSM8655"."MIN_JOB_COMPANY" MODIFY ("NO" NOT NULL ENABLE);
--------------------------------------------------------
--  Constraints for Table MIN_JOB_COUNT
--------------------------------------------------------

  ALTER TABLE "LSM8655"."MIN_JOB_COUNT" ADD CONSTRAINT "MIN_JOB_COUNT_PK" PRIMARY KEY ("NO")
  USING INDEX PCTFREE 10 INITRANS 2 MAXTRANS 255 COMPUTE STATISTICS 
  STORAGE(INITIAL 65536 NEXT 1048576 MINEXTENTS 1 MAXEXTENTS 2147483645
  PCTINCREASE 0 FREELISTS 1 FREELIST GROUPS 1 BUFFER_POOL DEFAULT FLASH_CACHE DEFAULT CELL_FLASH_CACHE DEFAULT)
  TABLESPACE "USERS"  ENABLE;
  ALTER TABLE "LSM8655"."MIN_JOB_COUNT" MODIFY ("NO" NOT NULL ENABLE);
--------------------------------------------------------
--  Constraints for Table MIN_JOB_INCOME
--------------------------------------------------------

  ALTER TABLE "LSM8655"."MIN_JOB_INCOME" ADD CONSTRAINT "MIN_JOB_INCOME_PK" PRIMARY KEY ("NO")
  USING INDEX PCTFREE 10 INITRANS 2 MAXTRANS 255 COMPUTE STATISTICS 
  STORAGE(INITIAL 65536 NEXT 1048576 MINEXTENTS 1 MAXEXTENTS 2147483645
  PCTINCREASE 0 FREELISTS 1 FREELIST GROUPS 1 BUFFER_POOL DEFAULT FLASH_CACHE DEFAULT CELL_FLASH_CACHE DEFAULT)
  TABLESPACE "USERS"  ENABLE;
  ALTER TABLE "LSM8655"."MIN_JOB_INCOME" MODIFY ("NO" NOT NULL ENABLE);
--------------------------------------------------------
--  Constraints for Table MIN_JOB_INTERVIEW
--------------------------------------------------------

  ALTER TABLE "LSM8655"."MIN_JOB_INTERVIEW" ADD CONSTRAINT "MIN_JOB_INTERVIEW_PK" PRIMARY KEY ("NO")
  USING INDEX PCTFREE 10 INITRANS 2 MAXTRANS 255 COMPUTE STATISTICS 
  STORAGE(INITIAL 65536 NEXT 1048576 MINEXTENTS 1 MAXEXTENTS 2147483645
  PCTINCREASE 0 FREELISTS 1 FREELIST GROUPS 1 BUFFER_POOL DEFAULT FLASH_CACHE DEFAULT CELL_FLASH_CACHE DEFAULT)
  TABLESPACE "USERS"  ENABLE;
  ALTER TABLE "LSM8655"."MIN_JOB_INTERVIEW" MODIFY ("NO" NOT NULL ENABLE);
--------------------------------------------------------
--  Constraints for Table MIN_JOB_MEMBER
--------------------------------------------------------

  ALTER TABLE "LSM8655"."MIN_JOB_MEMBER" ADD CONSTRAINT "MIN_JOB_MEMBER_PK" PRIMARY KEY ("NO")
  USING INDEX PCTFREE 10 INITRANS 2 MAXTRANS 255 COMPUTE STATISTICS 
  STORAGE(INITIAL 65536 NEXT 1048576 MINEXTENTS 1 MAXEXTENTS 2147483645
  PCTINCREASE 0 FREELISTS 1 FREELIST GROUPS 1 BUFFER_POOL DEFAULT FLASH_CACHE DEFAULT CELL_FLASH_CACHE DEFAULT)
  TABLESPACE "USERS"  ENABLE;
  ALTER TABLE "LSM8655"."MIN_JOB_MEMBER" MODIFY ("NO" NOT NULL ENABLE);
--------------------------------------------------------
--  Constraints for Table MIN_JOB_REVIEW
--------------------------------------------------------

  ALTER TABLE "LSM8655"."MIN_JOB_REVIEW" ADD CONSTRAINT "MIN_JOB_REVIEW_PK" PRIMARY KEY ("NO")
  USING INDEX PCTFREE 10 INITRANS 2 MAXTRANS 255 COMPUTE STATISTICS 
  STORAGE(INITIAL 65536 NEXT 1048576 MINEXTENTS 1 MAXEXTENTS 2147483645
  PCTINCREASE 0 FREELISTS 1 FREELIST GROUPS 1 BUFFER_POOL DEFAULT FLASH_CACHE DEFAULT CELL_FLASH_CACHE DEFAULT)
  TABLESPACE "USERS"  ENABLE;
  ALTER TABLE "LSM8655"."MIN_JOB_REVIEW" MODIFY ("NO" NOT NULL ENABLE);
